insert into RE_REGELSET (ID,KATEGORIE,NAME,BESCHREIBUNG,VERKNUEPFUNGSTYP,GUELTIG_VON,GUELTIG_BIS,ERSTELLT_AM,GEAENDERT_AM,ERSTELLT_VON,GEAENDERT_VON,VERSION,AKTIV_TYP,ERROR_HANDLING_TYP) values (200000,'DAKA_FORMAL_LOADDATEN','DN_PRUEFFORM_E11_v4','Formale Prüfung ambulante Leistungsdaten (E11) Version 3(#3) siehe KA_ORG Neuauflage (05/19)','AND',to_date('01.01.2019','DD.MM.YYYY'),null,to_date('01.01.2019','DD.MM.YYYY'),null,'System',null,1,'AKTIV','FAIL_ON_EXCEPTION');

insert into RE_REGEL_KONF (ID,REGELSET_ID,REGEL_DEF_ID,SEVERITY,REIHENFOLGE,ABBRUCH_BEI_VIOLATION,AKTIV,GUELTIG_VON,GUELTIG_BIS,ERSTELLT_AM,GEAENDERT_AM,ERSTELLT_VON,GEAENDERT_VON,VERSION,NAME,ABBRUCH_BEI_SUCCESS) VALUES (800000,200000,108527,'ERROR',10,0,'1',to_date('30.07.2019','DD.MM.YYYY'),null,to_date('30.07.2019','DD.MM.YYYY'),null,'System',null,0,null,0);
insert into RE_REGEL_KONF (ID,REGELSET_ID,REGEL_DEF_ID,SEVERITY,REIHENFOLGE,ABBRUCH_BEI_VIOLATION,AKTIV,GUELTIG_VON,GUELTIG_BIS,ERSTELLT_AM,GEAENDERT_AM,ERSTELLT_VON,GEAENDERT_VON,VERSION,NAME,ABBRUCH_BEI_SUCCESS) VALUES (800001,200000,108529,'ERROR',20,0,1,to_date('30.07.2019','DD.MM.YYYY'),null,to_date('30.07.2019','DD.MM.YYYY'),null,'System',null,0,null,0);
insert into RE_REGEL_KONF (ID,REGELSET_ID,REGEL_DEF_ID,SEVERITY,REIHENFOLGE,ABBRUCH_BEI_VIOLATION,AKTIV,GUELTIG_VON,GUELTIG_BIS,ERSTELLT_AM,GEAENDERT_AM,ERSTELLT_VON,GEAENDERT_VON,VERSION,NAME,ABBRUCH_BEI_SUCCESS) VALUES (800002,200000,108531,'ERROR',30,0,1,to_date('30.07.2019','DD.MM.YYYY'),null,to_date('30.07.2019','DD.MM.YYYY'),null,'System',null,0,null,0);
insert into RE_REGEL_KONF (ID,REGELSET_ID,REGEL_DEF_ID,SEVERITY,REIHENFOLGE,ABBRUCH_BEI_VIOLATION,AKTIV,GUELTIG_VON,GUELTIG_BIS,ERSTELLT_AM,GEAENDERT_AM,ERSTELLT_VON,GEAENDERT_VON,VERSION,NAME,ABBRUCH_BEI_SUCCESS) VALUES (800003,200000,8000027514,'ERROR',40,0,1,to_date('30.07.2019','DD.MM.YYYY'),null,to_date('30.07.2019','DD.MM.YYYY'),null,'System',null,0,null,0);

insert into RE_REGEL_PARAM (ID,REGEL_KONF_ID,NAME,DATATYPE,VALUE,GUELTIG_VON,GUELTIG_BIS,ERSTELLT_AM,GEAENDERT_AM,ERSTELLT_VON,GEAENDERT_VON,VERSION,REGEL_PARAM_DEF_ID) values (300000, 800000, 'fehlercode', 'java.lang.String', '032', to_date('30.07.2019','DD.MM.YYYY'), null, to_date('30.07.2019','DD.MM.YYYY'), null, 'System', null, 0, 108528);
insert into RE_REGEL_PARAM (ID,REGEL_KONF_ID,NAME,DATATYPE,VALUE,GUELTIG_VON,GUELTIG_BIS,ERSTELLT_AM,GEAENDERT_AM,ERSTELLT_VON,GEAENDERT_VON,VERSION,REGEL_PARAM_DEF_ID) values (300001, 800001, 'fehlercode', 'java.lang.String', '033', to_date('30.07.2019','DD.MM.YYYY'), null, to_date('30.07.2019','DD.MM.YYYY'), null, 'System', null, 0, 108530);
insert into RE_REGEL_PARAM (ID,REGEL_KONF_ID,NAME,DATATYPE,VALUE,GUELTIG_VON,GUELTIG_BIS,ERSTELLT_AM,GEAENDERT_AM,ERSTELLT_VON,GEAENDERT_VON,VERSION,REGEL_PARAM_DEF_ID) values (300002, 800002, 'fehlercode', 'java.lang.String', '200', to_date('30.07.2019','DD.MM.YYYY'), null, to_date('30.07.2019','DD.MM.YYYY'), null, 'System', null, 0, 108532);
insert into RE_REGEL_PARAM (ID,REGEL_KONF_ID,NAME,DATATYPE,VALUE,GUELTIG_VON,GUELTIG_BIS,ERSTELLT_AM,GEAENDERT_AM,ERSTELLT_VON,GEAENDERT_VON,VERSION,REGEL_PARAM_DEF_ID) values (300003, 800003, 'fehlercode', 'java.lang.String', '230', to_date('30.07.2019','DD.MM.YYYY'), null, to_date('30.07.2019','DD.MM.YYYY'), null, 'System', null, 0, 5000000942);

insert into RE_REGEL_DEF (ID,KATEGORIE,NAME,REGEL_CLASS_NAME,BESCHREIBUNG,VERSION_BEZEICHNUNG,ERSTELLT_AM,GEAENDERT_AM,ERSTELLT_VON,GEAENDERT_VON,VERSION) values (400000,'DAKA_FORMAL_LOADDATEN','E11V4PruefungPtot','at.sozvers.bva.daka.batch.service.rules.loaddaten.e11.E11V4PruefungPtot','8 Stellen numerisch (10 vorher)','1.0',to_date('30.07.2019','DD.MM.YYYY'),null,'System',null,0);
insert into RE_REGEL_PARAM_DEF (ID,REGEL_DEF_ID,NAME,BESCHREIBUNG,DATATYPE,DEFAULT_VALUE,ERSTELLT_AM,GEAENDERT_AM,ERSTELLT_VON,GEAENDERT_VON,VERSION) VALUES (500000,400000,'fehlercode','Fehlercode, der im Fehlerfall als Violation zurueckgegeben wird.','java.lang.String','210',to_date('30.07.2019','DD.MM.YYYY'),null,'System',null,0);
insert into RE_REGEL_KONF (ID,REGELSET_ID,REGEL_DEF_ID,SEVERITY,REIHENFOLGE,ABBRUCH_BEI_VIOLATION,AKTIV,GUELTIG_VON,GUELTIG_BIS,ERSTELLT_AM,GEAENDERT_AM,ERSTELLT_VON,GEAENDERT_VON,VERSION,NAME,ABBRUCH_BEI_SUCCESS) VALUES (800004,200000,400000,'ERROR',50,0,1,to_date('30.07.2019','DD.MM.YYYY'),null,to_date('30.07.2019','DD.MM.YYYY'),null,'System',null,0,null,0);
insert into RE_REGEL_PARAM (ID,REGEL_KONF_ID,NAME,DATATYPE,VALUE,GUELTIG_VON,GUELTIG_BIS,ERSTELLT_AM,GEAENDERT_AM,ERSTELLT_VON,GEAENDERT_VON,VERSION,REGEL_PARAM_DEF_ID) values (600000,800004,'fehlercode','java.lang.String',210,to_date('30.07.2019','DD.MM.YYYY'),null,to_date('30.07.2019','DD.MM.YYYY'),null,'System',null,0,500000);

insert into RE_REGEL_DEF (ID,KATEGORIE,NAME,REGEL_CLASS_NAME,BESCHREIBUNG,VERSION_BEZEICHNUNG,ERSTELLT_AM,GEAENDERT_AM,ERSTELLT_VON,GEAENDERT_VON,VERSION) values (400001,'DAKA_FORMAL_LOADDATEN','E11V4PruefungLdfbet','at.sozvers.bva.daka.batch.service.rules.loaddaten.e11.E11V4PruefungLdfbet','10 Stellen numerisch (12 vorher)','1.0',to_date('30.07.2019','DD.MM.YYYY'),null,'System',null,0);
insert into RE_REGEL_PARAM_DEF (ID,REGEL_DEF_ID,NAME,BESCHREIBUNG,DATATYPE,DEFAULT_VALUE,ERSTELLT_AM,GEAENDERT_AM,ERSTELLT_VON,GEAENDERT_VON,VERSION) VALUES (500001,400001,'fehlercode','Fehlercode, der im Fehlerfall als Violation zurueckgegeben wird.','java.lang.String','212',to_date('30.07.2019','DD.MM.YYYY'),null,'System',null,0);
insert into RE_REGEL_KONF (ID,REGELSET_ID,REGEL_DEF_ID,SEVERITY,REIHENFOLGE,ABBRUCH_BEI_VIOLATION,AKTIV,GUELTIG_VON,GUELTIG_BIS,ERSTELLT_AM,GEAENDERT_AM,ERSTELLT_VON,GEAENDERT_VON,VERSION,NAME,ABBRUCH_BEI_SUCCESS) VALUES (800005,200000,400001,'ERROR',60,0,1,to_date('30.07.2019','DD.MM.YYYY'),null,to_date('30.07.2019','DD.MM.YYYY'),null,'System',null,0,null,0);
insert into RE_REGEL_PARAM (ID,REGEL_KONF_ID,NAME,DATATYPE,VALUE,GUELTIG_VON,GUELTIG_BIS,ERSTELLT_AM,GEAENDERT_AM,ERSTELLT_VON,GEAENDERT_VON,VERSION,REGEL_PARAM_DEF_ID) values (600001,800005,'fehlercode','java.lang.String',212,to_date('30.07.2019','DD.MM.YYYY'),null,to_date('30.07.2019','DD.MM.YYYY'),null,'System',null,0,500001);

insert into RE_REGEL_DEF (ID,KATEGORIE,NAME,REGEL_CLASS_NAME,BESCHREIBUNG,VERSION_BEZEICHNUNG,ERSTELLT_AM,GEAENDERT_AM,ERSTELLT_VON,GEAENDERT_VON,VERSION) values (400002,'DAKA_FORMAL_LOADDATEN','E11V4PruefungLdfgrp','at.sozvers.bva.daka.batch.service.rules.loaddaten.e11.E11V4PruefungLdfgrp','kein Fehlercode vorhanden','1.0',to_date('30.07.2019','DD.MM.YYYY'),null,'System',null,0);
insert into RE_REGEL_PARAM_DEF (ID,REGEL_DEF_ID,NAME,BESCHREIBUNG,DATATYPE,DEFAULT_VALUE,ERSTELLT_AM,GEAENDERT_AM,ERSTELLT_VON,GEAENDERT_VON,VERSION) VALUES (500002,400002,'fehlercode','Fehlercode, der im Fehlerfall als Violation zurueckgegeben wird.','java.lang.String','XXX',to_date('30.07.2019','DD.MM.YYYY'),null,'System',null,0);
insert into RE_REGEL_KONF (ID,REGELSET_ID,REGEL_DEF_ID,SEVERITY,REIHENFOLGE,ABBRUCH_BEI_VIOLATION,AKTIV,GUELTIG_VON,GUELTIG_BIS,ERSTELLT_AM,GEAENDERT_AM,ERSTELLT_VON,GEAENDERT_VON,VERSION,NAME,ABBRUCH_BEI_SUCCESS) VALUES (800006,200000,400002,'ERROR',70,0,1,to_date('30.07.2019','DD.MM.YYYY'),null,to_date('30.07.2019','DD.MM.YYYY'),null,'System',null,0,null,0);
insert into RE_REGEL_PARAM (ID,REGEL_KONF_ID,NAME,DATATYPE,VALUE,GUELTIG_VON,GUELTIG_BIS,ERSTELLT_AM,GEAENDERT_AM,ERSTELLT_VON,GEAENDERT_VON,VERSION,REGEL_PARAM_DEF_ID) values (600002,800006,'fehlercode','java.lang.String','XXX',to_date('30.07.2019','DD.MM.YYYY'),null,to_date('30.07.2019','DD.MM.YYYY'),null,'System',null,0,500002);

insert into RE_REGEL_DEF (ID,KATEGORIE,NAME,REGEL_CLASS_NAME,BESCHREIBUNG,VERSION_BEZEICHNUNG,ERSTELLT_AM,GEAENDERT_AM,ERSTELLT_VON,GEAENDERT_VON,VERSION) values (400003,'DAKA_FORMAL_LOADDATEN','E11V4PruefungLdfknr','at.sozvers.bva.daka.batch.service.rules.loaddaten.e11.E11V4PruefungLdfknr','kein Fehlercode vorhanden','1.0',to_date('30.07.2019','DD.MM.YYYY'),null,'System',null,0);
insert into RE_REGEL_PARAM_DEF (ID,REGEL_DEF_ID,NAME,BESCHREIBUNG,DATATYPE,DEFAULT_VALUE,ERSTELLT_AM,GEAENDERT_AM,ERSTELLT_VON,GEAENDERT_VON,VERSION) VALUES (500003,400003,'fehlercode','Fehlercode, der im Fehlerfall als Violation zurueckgegeben wird.','java.lang.String','XXX',to_date('30.07.2019','DD.MM.YYYY'),null,'System',null,0);
insert into RE_REGEL_KONF (ID,REGELSET_ID,REGEL_DEF_ID,SEVERITY,REIHENFOLGE,ABBRUCH_BEI_VIOLATION,AKTIV,GUELTIG_VON,GUELTIG_BIS,ERSTELLT_AM,GEAENDERT_AM,ERSTELLT_VON,GEAENDERT_VON,VERSION,NAME,ABBRUCH_BEI_SUCCESS) VALUES (800007,200000,400003,'ERROR',80,0,1,to_date('30.07.2019','DD.MM.YYYY'),null,to_date('30.07.2019','DD.MM.YYYY'),null,'System',null,0,null,0);
insert into RE_REGEL_PARAM (ID,REGEL_KONF_ID,NAME,DATATYPE,VALUE,GUELTIG_VON,GUELTIG_BIS,ERSTELLT_AM,GEAENDERT_AM,ERSTELLT_VON,GEAENDERT_VON,VERSION,REGEL_PARAM_DEF_ID) values (600003,800007,'fehlercode','java.lang.String','XXX',to_date('30.07.2019','DD.MM.YYYY'),null,to_date('30.07.2019','DD.MM.YYYY'),null,'System',null,0,500003);

insert into RE_REGEL_DEF (ID,KATEGORIE,NAME,REGEL_CLASS_NAME,BESCHREIBUNG,VERSION_BEZEICHNUNG,ERSTELLT_AM,GEAENDERT_AM,ERSTELLT_VON,GEAENDERT_VON,VERSION) values (400004,'DAKA_FORMAL_LOADDATEN','E11V4PruefungAbtfclp','at.sozvers.bva.daka.batch.service.rules.loaddaten.e11.E11V4PruefungAbtfclp','kein Fehlercode vorhanden','1.0',to_date('30.07.2019','DD.MM.YYYY'),null,'System',null,0);
insert into RE_REGEL_PARAM_DEF (ID,REGEL_DEF_ID,NAME,BESCHREIBUNG,DATATYPE,DEFAULT_VALUE,ERSTELLT_AM,GEAENDERT_AM,ERSTELLT_VON,GEAENDERT_VON,VERSION) VALUES (500004,400004,'fehlercode','Fehlercode, der im Fehlerfall als Violation zurueckgegeben wird.','java.lang.String','XXX',to_date('30.07.2019','DD.MM.YYYY'),null,'System',null,0);
insert into RE_REGEL_KONF (ID,REGELSET_ID,REGEL_DEF_ID,SEVERITY,REIHENFOLGE,ABBRUCH_BEI_VIOLATION,AKTIV,GUELTIG_VON,GUELTIG_BIS,ERSTELLT_AM,GEAENDERT_AM,ERSTELLT_VON,GEAENDERT_VON,VERSION,NAME,ABBRUCH_BEI_SUCCESS) VALUES (800008,200000,400004,'ERROR',90,0,1,to_date('30.07.2019','DD.MM.YYYY'),null,to_date('30.07.2019','DD.MM.YYYY'),null,'System',null,0,null,0);
insert into RE_REGEL_PARAM (ID,REGEL_KONF_ID,NAME,DATATYPE,VALUE,GUELTIG_VON,GUELTIG_BIS,ERSTELLT_AM,GEAENDERT_AM,ERSTELLT_VON,GEAENDERT_VON,VERSION,REGEL_PARAM_DEF_ID) values (600004,800008,'fehlercode','java.lang.String','XXX',to_date('30.07.2019','DD.MM.YYYY'),null,to_date('30.07.2019','DD.MM.YYYY'),null,'System',null,0,500004);

insert into RE_REGEL_DEF (ID,KATEGORIE,NAME,REGEL_CLASS_NAME,BESCHREIBUNG,VERSION_BEZEICHNUNG,ERSTELLT_AM,GEAENDERT_AM,ERSTELLT_VON,GEAENDERT_VON,VERSION) values (400005,'DAKA_FORMAL_LOADDATEN','E11V4PruefungAbtfckp','at.sozvers.bva.daka.batch.service.rules.loaddaten.e11.E11V4PruefungAbtfckp','kein Fehlercode vorhanden','1.0',to_date('30.07.2019','DD.MM.YYYY'),null,'System',null,0);
insert into RE_REGEL_PARAM_DEF (ID,REGEL_DEF_ID,NAME,BESCHREIBUNG,DATATYPE,DEFAULT_VALUE,ERSTELLT_AM,GEAENDERT_AM,ERSTELLT_VON,GEAENDERT_VON,VERSION) VALUES (500005,400005,'fehlercode','Fehlercode, der im Fehlerfall als Violation zurueckgegeben wird.','java.lang.String','XXX',to_date('30.07.2019','DD.MM.YYYY'),null,'System',null,0);
insert into RE_REGEL_KONF (ID,REGELSET_ID,REGEL_DEF_ID,SEVERITY,REIHENFOLGE,ABBRUCH_BEI_VIOLATION,AKTIV,GUELTIG_VON,GUELTIG_BIS,ERSTELLT_AM,GEAENDERT_AM,ERSTELLT_VON,GEAENDERT_VON,VERSION,NAME,ABBRUCH_BEI_SUCCESS) VALUES (800009,200000,400005,'ERROR',100,0,1,to_date('30.07.2019','DD.MM.YYYY'),null,to_date('30.07.2019','DD.MM.YYYY'),null,'System',null,0,null,0);
insert into RE_REGEL_PARAM (ID,REGEL_KONF_ID,NAME,DATATYPE,VALUE,GUELTIG_VON,GUELTIG_BIS,ERSTELLT_AM,GEAENDERT_AM,ERSTELLT_VON,GEAENDERT_VON,VERSION,REGEL_PARAM_DEF_ID) values (600005,800009,'fehlercode','java.lang.String','XXX',to_date('30.07.2019','DD.MM.YYYY'),null,to_date('30.07.2019','DD.MM.YYYY'),null,'System',null,0,500005);

insert into RE_REGEL_DEF (ID,KATEGORIE,NAME,REGEL_CLASS_NAME,BESCHREIBUNG,VERSION_BEZEICHNUNG,ERSTELLT_AM,GEAENDERT_AM,ERSTELLT_VON,GEAENDERT_VON,VERSION) values (400006,'DAKA_FORMAL_LOADDATEN','E11V4PruefungLdffak','at.sozvers.bva.daka.batch.service.rules.loaddaten.e11.E11V4PruefungLdffak','Prüft den Wert des LDF-Punktewert Netto','1.0',to_date('30.07.2019','DD.MM.YYYY'),null,'System',null,0);
insert into RE_REGEL_PARAM_DEF (ID,REGEL_DEF_ID,NAME,BESCHREIBUNG,DATATYPE,DEFAULT_VALUE,ERSTELLT_AM,GEAENDERT_AM,ERSTELLT_VON,GEAENDERT_VON,VERSION) VALUES (500006,400006,'fehlercode','Fehlercode, der im Fehlerfall als Violation zurueckgegeben wird.','java.lang.String','XXX',to_date('30.07.2019','DD.MM.YYYY'),null,'System',null,0);
insert into RE_REGEL_KONF (ID,REGELSET_ID,REGEL_DEF_ID,SEVERITY,REIHENFOLGE,ABBRUCH_BEI_VIOLATION,AKTIV,GUELTIG_VON,GUELTIG_BIS,ERSTELLT_AM,GEAENDERT_AM,ERSTELLT_VON,GEAENDERT_VON,VERSION,NAME,ABBRUCH_BEI_SUCCESS) VALUES (800010,200000,400006,'ERROR',110,0,1,to_date('30.07.2019','DD.MM.YYYY'),null,to_date('30.07.2019','DD.MM.YYYY'),null,'System',null,0,null,0);
insert into RE_REGEL_PARAM (ID,REGEL_KONF_ID,NAME,DATATYPE,VALUE,GUELTIG_VON,GUELTIG_BIS,ERSTELLT_AM,GEAENDERT_AM,ERSTELLT_VON,GEAENDERT_VON,VERSION,REGEL_PARAM_DEF_ID) values (600006,800010,'fehlercode','java.lang.String','XXX',to_date('30.07.2019','DD.MM.YYYY'),null,to_date('30.07.2019','DD.MM.YYYY'),null,'System',null,0,500006);

insert into RE_REGEL_DEF (ID,KATEGORIE,NAME,REGEL_CLASS_NAME,BESCHREIBUNG,VERSION_BEZEICHNUNG,ERSTELLT_AM,GEAENDERT_AM,ERSTELLT_VON,GEAENDERT_VON,VERSION) values (400007,'DAKA_FORMAL_LOADDATEN','E11V4PruefungBeih','at.sozvers.bva.daka.batch.service.rules.loaddaten.e11.E11V4PruefungBeih','Prüft Beihilfenäquivalent','1.0',to_date('30.07.2019','DD.MM.YYYY'),null,'System',null,0);
insert into RE_REGEL_PARAM_DEF (ID,REGEL_DEF_ID,NAME,BESCHREIBUNG,DATATYPE,DEFAULT_VALUE,ERSTELLT_AM,GEAENDERT_AM,ERSTELLT_VON,GEAENDERT_VON,VERSION) VALUES (500007,400007,'fehlercode','Fehlercode, der im Fehlerfall als Violation zurueckgegeben wird.','java.lang.String','XXX',to_date('30.07.2019','DD.MM.YYYY'),null,'System',null,0);
insert into RE_REGEL_KONF (ID,REGELSET_ID,REGEL_DEF_ID,SEVERITY,REIHENFOLGE,ABBRUCH_BEI_VIOLATION,AKTIV,GUELTIG_VON,GUELTIG_BIS,ERSTELLT_AM,GEAENDERT_AM,ERSTELLT_VON,GEAENDERT_VON,VERSION,NAME,ABBRUCH_BEI_SUCCESS) VALUES (800011,200000,400007,'ERROR',120,0,1,to_date('30.07.2019','DD.MM.YYYY'),null,to_date('30.07.2019','DD.MM.YYYY'),null,'System',null,0,null,0);
insert into RE_REGEL_PARAM (ID,REGEL_KONF_ID,NAME,DATATYPE,VALUE,GUELTIG_VON,GUELTIG_BIS,ERSTELLT_AM,GEAENDERT_AM,ERSTELLT_VON,GEAENDERT_VON,VERSION,REGEL_PARAM_DEF_ID) values (600007,800011,'fehlercode','java.lang.String','XXX',to_date('30.07.2019','DD.MM.YYYY'),null,to_date('30.07.2019','DD.MM.YYYY'),null,'System',null,0,500007);

insert into RE_REGEL_DEF (ID,KATEGORIE,NAME,REGEL_CLASS_NAME,BESCHREIBUNG,VERSION_BEZEICHNUNG,ERSTELLT_AM,GEAENDERT_AM,ERSTELLT_VON,GEAENDERT_VON,VERSION) values (400008,'DAKA_FORMAL_LOADDATEN','E11V4PruefungFordav','at.sozvers.bva.daka.batch.service.rules.loaddaten.e11.E11V4PruefungFordav','Prüft den Forderungsbetrag für Ausländerverrechnung','1.0',to_date('30.07.2019','DD.MM.YYYY'),null,'System',null,0);
insert into RE_REGEL_PARAM_DEF (ID,REGEL_DEF_ID,NAME,BESCHREIBUNG,DATATYPE,DEFAULT_VALUE,ERSTELLT_AM,GEAENDERT_AM,ERSTELLT_VON,GEAENDERT_VON,VERSION) VALUES (500008,400008,'fehlercode','Fehlercode, der im Fehlerfall als Violation zurueckgegeben wird.','java.lang.String','XXX',to_date('30.07.2019','DD.MM.YYYY'),null,'System',null,0);
insert into RE_REGEL_KONF (ID,REGELSET_ID,REGEL_DEF_ID,SEVERITY,REIHENFOLGE,ABBRUCH_BEI_VIOLATION,AKTIV,GUELTIG_VON,GUELTIG_BIS,ERSTELLT_AM,GEAENDERT_AM,ERSTELLT_VON,GEAENDERT_VON,VERSION,NAME,ABBRUCH_BEI_SUCCESS) VALUES (800012,200000,400008,'ERROR',130,0,1,to_date('30.07.2019','DD.MM.YYYY'),null,to_date('30.07.2019','DD.MM.YYYY'),null,'System',null,0,null,0);
insert into RE_REGEL_PARAM (ID,REGEL_KONF_ID,NAME,DATATYPE,VALUE,GUELTIG_VON,GUELTIG_BIS,ERSTELLT_AM,GEAENDERT_AM,ERSTELLT_VON,GEAENDERT_VON,VERSION,REGEL_PARAM_DEF_ID) values (600008,800012,'fehlercode','java.lang.String','XXX',to_date('30.07.2019','DD.MM.YYYY'),null,to_date('30.07.2019','DD.MM.YYYY'),null,'System',null,0,500008);

insert into RE_REGEL_DEF (ID,KATEGORIE,NAME,REGEL_CLASS_NAME,BESCHREIBUNG,VERSION_BEZEICHNUNG,ERSTELLT_AM,GEAENDERT_AM,ERSTELLT_VON,GEAENDERT_VON,VERSION) values (400009,'DAKA_FORMAL_LOADDATEN','E11V4PruefungFordrg','at.sozvers.bva.daka.batch.service.rules.loaddaten.e11.E11V4PruefungFordrg','Prüft den Forderungsbetrag für Regress','1.0',to_date('30.07.2019','DD.MM.YYYY'),null,'System',null,0);
insert into RE_REGEL_PARAM_DEF (ID,REGEL_DEF_ID,NAME,BESCHREIBUNG,DATATYPE,DEFAULT_VALUE,ERSTELLT_AM,GEAENDERT_AM,ERSTELLT_VON,GEAENDERT_VON,VERSION) VALUES (500009,400009,'fehlercode','Fehlercode, der im Fehlerfall als Violation zurueckgegeben wird.','java.lang.String','XXX',to_date('30.07.2019','DD.MM.YYYY'),null,'System',null,0);
insert into RE_REGEL_KONF (ID,REGELSET_ID,REGEL_DEF_ID,SEVERITY,REIHENFOLGE,ABBRUCH_BEI_VIOLATION,AKTIV,GUELTIG_VON,GUELTIG_BIS,ERSTELLT_AM,GEAENDERT_AM,ERSTELLT_VON,GEAENDERT_VON,VERSION,NAME,ABBRUCH_BEI_SUCCESS) VALUES (800013,200000,400009,'ERROR',140,0,1,to_date('30.07.2019','DD.MM.YYYY'),null,to_date('30.07.2019','DD.MM.YYYY'),null,'System',null,0,null,0);
insert into RE_REGEL_PARAM (ID,REGEL_KONF_ID,NAME,DATATYPE,VALUE,GUELTIG_VON,GUELTIG_BIS,ERSTELLT_AM,GEAENDERT_AM,ERSTELLT_VON,GEAENDERT_VON,VERSION,REGEL_PARAM_DEF_ID) values (600009,800013,'fehlercode','java.lang.String','XXX',to_date('30.07.2019','DD.MM.YYYY'),null,to_date('30.07.2019','DD.MM.YYYY'),null,'System',null,0,500009);
